[
  {
    "email": "سارینا.کوتی@example.com",
    "gender": "female",
    "phone_number": "0997-267-1133",
    "birthdate": 1077518239,
    "location": {
      "street": "5273 سمیه",
      "city": "بیرجند",
      "state": "تهران",
      "postcode": 99854
    },
    "username": "yellowpeacock139",
    "password": "chopper",
    "first_name": "سارینا",
    "last_name": "کوتی",
    "title": "mrs",
    "picture": "women/38.jpg"
  },
  {
    "email": "melissa.fleming@example.com",
    "gender": "female",
    "phone_number": "0740-304-475",
    "birthdate": 469521368,
    "location": {
      "street": "3655 manchester road",
      "city": "winchester",
      "state": "berkshire",
      "postcode": "YB2 8EJ"
    },
    "username": "goldenkoala410",
    "password": "sick",
    "first_name": "melissa",
    "last_name": "fleming",
    "title": "miss",
    "picture": "algolia/women/pragati.png"
  },
  {
    "email": "christoffer.christiansen@example.com",
    "gender": "male",
    "phone_number": "05761325",
    "birthdate": 244475798,
    "location": {
      "street": "3391 pilevangen",
      "city": "overby lyng",
      "state": "danmark",
      "postcode": 88520
    },
    "username": "smallbird985",
    "password": "samuel",
    "first_name": "christoffer",
    "last_name": "christiansen",
    "title": "mr",
    "picture": "algolia/men/lucas.png"
  },
  {
    "email": "valtteri.pulkkinen@example.com",
    "gender": "male",
    "phone_number": "041-829-79-61",
    "birthdate": 9608479,
    "location": {
      "street": "6489 hermiankatu",
      "city": "parikkala",
      "state": "northern savonia",
      "postcode": 77761
    },
    "username": "brownfish540",
    "password": "peepee",
    "first_name": "valtteri",
    "last_name": "pulkkinen",
    "title": "mr",
    "picture": "men/49.jpg"
  },
  {
    "email": "todd.beck@example.com",
    "gender": "male",
    "phone_number": "0768-374-878",
    "birthdate": 216450355,
    "location": {
      "street": "7846 chester road",
      "city": "wakefield",
      "state": "shropshire",
      "postcode": "U43 3QT"
    },
    "username": "bigelephant503",
    "password": "rrrrr",
    "first_name": "todd",
    "last_name": "beck",
    "title": "mr",
    "picture": "men/65.jpg"
  },
  {
    "email": "kayla.hall@example.com",
    "gender": "female",
    "phone_number": "(932)-142-5202",
    "birthdate": 450297969,
    "location": {
      "street": "1935 aldwins road",
      "city": "whangarei",
      "state": "gisborne",
      "postcode": 22546
    },
    "username": "beautifulkoala361",
    "password": "lickit",
    "first_name": "kayla",
    "last_name": "hall",
    "title": "ms",
    "picture": "women/32.jpg"
  },
  {
    "email": "jimmie.simmons@example.com",
    "gender": "male",
    "phone_number": "0702-239-646",
    "birthdate": 691663054,
    "location": {
      "street": "1790 the grove",
      "city": "bangor",
      "state": "isle of wight",
      "postcode": "D0 5PJ"
    },
    "username": "silverelephant404",
    "password": "stang",
    "first_name": "jimmie",
    "last_name": "simmons",
    "title": "mr",
    "picture": "men/25.jpg"
  },
  {
    "email": "benedikt.hein@example.com",
    "gender": "male",
    "phone_number": "0170-2625830",
    "birthdate": 233934049,
    "location": {
      "street": "5245 kirchstraße",
      "city": "börde",
      "state": "hessen",
      "postcode": 99021
    },
    "username": "goldenelephant510",
    "password": "katie1",
    "first_name": "benedikt",
    "last_name": "hein",
    "title": "mr",
    "picture": "men/56.jpg"
  },
  {
    "email": "aloïs.moulin@example.com",
    "gender": "male",
    "phone_number": "(334)-138-2260",
    "birthdate": 787209800,
    "location": {
      "street": "6574 rue cyrus-hugues",
      "city": "berolle",
      "state": "genève",
      "postcode": 8691
    },
    "username": "silvergorilla196",
    "password": "silver",
    "first_name": "aloïs",
    "last_name": "moulin",
    "title": "monsieur",
    "picture": "men/28.jpg"
  },
  {
    "email": "noah.smith@example.com",
    "gender": "male",
    "phone_number": "314-264-1915",
    "birthdate": 546423933,
    "location": {
      "street": "8380 st. lawrence ave",
      "city": "inverness",
      "state": "nova scotia",
      "postcode": 24765
    },
    "username": "biggorilla322",
    "password": "kane",
    "first_name": "noah",
    "last_name": "smith",
    "title": "mr",
    "picture": "men/20.jpg"
  },
  {
    "email": "noah.dupont@example.com",
    "gender": "male",
    "phone_number": "(280)-900-0140",
    "birthdate": 857793035,
    "location": {
      "street": "1372 rue de bonnel",
      "city": "vucherens",
      "state": "zürich",
      "postcode": 5466
    },
    "username": "redbear614",
    "password": "adidas",
    "first_name": "noah",
    "last_name": "dupont",
    "title": "monsieur",
    "picture": "men/52.jpg"
  },
  {
    "email": "necati.nalbantoğlu@example.com",
    "gender": "male",
    "phone_number": "(566)-322-5199",
    "birthdate": 1431069936,
    "location": {
      "street": "5253 istiklal cd",
      "city": "şırnak",
      "state": "samsun",
      "postcode": 88399
    },
    "username": "yellowduck640",
    "password": "deborah",
    "first_name": "necati",
    "last_name": "nalbantoğlu",
    "title": "mr",
    "picture": "men/17.jpg"
  },
  {
    "email": "nerea.mendez@example.com",
    "gender": "female",
    "phone_number": "600-927-322",
    "birthdate": 275245760,
    "location": {
      "street": "1759 calle de pedro bosch",
      "city": "guadalajara",
      "state": "país vasco",
      "postcode": 18953
    },
    "username": "tinybird877",
    "password": "4567",
    "first_name": "nerea",
    "last_name": "mendez",
    "title": "miss",
    "picture": "women/29.jpg"
  },
  {
    "email": "arnold.gardner@example.com",
    "gender": "male",
    "phone_number": "0413-155-625",
    "birthdate": 583066884,
    "location": {
      "street": "5380 cackson st",
      "city": "australian capital territory",
      "state": "tasmania",
      "postcode": 1135
    },
    "username": "yellowwolf551",
    "password": "black",
    "first_name": "arnold",
    "last_name": "gardner",
    "title": "mr",
    "picture": "men/24.jpg"
  },
  {
    "email": "julia.cano@example.com",
    "gender": "female",
    "phone_number": "614-327-163",
    "birthdate": 641668663,
    "location": {
      "street": "9417 avenida de américa",
      "city": "gijón",
      "state": "castilla la mancha",
      "postcode": 98973
    },
    "username": "tinypanda172",
    "password": "cumshot",
    "first_name": "julia",
    "last_name": "cano",
    "title": "ms",
    "picture": "women/6.jpg"
  },
  {
    "email": "annika.schulte@example.com",
    "gender": "female",
    "phone_number": "0175-0109961",
    "birthdate": 1305832059,
    "location": {
      "street": "2881 rosenweg",
      "city": "berchtesgadener land",
      "state": "hamburg",
      "postcode": 16554
    },
    "username": "lazysnake906",
    "password": "bullseye",
    "first_name": "annika",
    "last_name": "schulte",
    "title": "mrs",
    "picture": "women/57.jpg"
  },
  {
    "email": "justin.harcourt@example.com",
    "gender": "male",
    "phone_number": "645-852-4078",
    "birthdate": 1364921405,
    "location": {
      "street": "2959 oak st",
      "city": "kingston",
      "state": "newfoundland and labrador",
      "postcode": 77259
    },
    "username": "beautifulbutterfly981",
    "password": "summit",
    "first_name": "justin",
    "last_name": "harcourt",
    "title": "mr",
    "picture": "men/26.jpg"
  },
  {
    "email": "باران.پارسا@example.com",
    "gender": "female",
    "phone_number": "0994-542-1811",
    "birthdate": 828860373,
    "location": {
      "street": "3361 شهید ثانی",
      "city": "نجف‌آباد",
      "state": "اردبیل",
      "postcode": 84147
    },
    "username": "purpleostrich818",
    "password": "pumper",
    "first_name": "باران",
    "last_name": "پارسا",
    "title": "miss",
    "picture": "women/31.jpg"
  },
  {
    "email": "noah.bonnet@example.com",
    "gender": "male",
    "phone_number": "(653)-097-7179",
    "birthdate": 701474999,
    "location": {
      "street": "7191 rue de l'abbé-migne",
      "city": "epesses",
      "state": "graubünden",
      "postcode": 6732
    },
    "username": "ticklishswan854",
    "password": "gateway",
    "first_name": "noah",
    "last_name": "bonnet",
    "title": "monsieur",
    "picture": "men/23.jpg"
  },
  {
    "email": "eemil.neva@example.com",
    "gender": "male",
    "phone_number": "041-819-96-18",
    "birthdate": 472496396,
    "location": {
      "street": "2379 mechelininkatu",
      "city": "juupajoki",
      "state": "päijät-häme",
      "postcode": 33797
    },
    "username": "beautifuldog542",
    "password": "mustang",
    "first_name": "eemil",
    "last_name": "neva",
    "title": "mr",
    "picture": "men/16.jpg"
  },
  {
    "email": "léonard.arnaud@example.com",
    "gender": "male",
    "phone_number": "06-29-05-29-92",
    "birthdate": 459082668,
    "location": {
      "street": "4285 place de l'abbé-basset",
      "city": "reims",
      "state": "martinique",
      "postcode": 53720
    },
    "username": "smallleopard952",
    "password": "bonjour",
    "first_name": "léonard",
    "last_name": "arnaud",
    "title": "mr",
    "picture": "men/73.jpg"
  },
  {
    "email": "leevi.wiitala@example.com",
    "gender": "male",
    "phone_number": "042-873-60-73",
    "birthdate": 265135376,
    "location": {
      "street": "4578 hermiankatu",
      "city": "merijärvi",
      "state": "central ostrobothnia",
      "postcode": 96652
    },
    "username": "bluegorilla445",
    "password": "europe",
    "first_name": "leevi",
    "last_name": "wiitala",
    "title": "mr",
    "picture": "men/93.jpg"
  },
  {
    "email": "alma.thomsen@example.com",
    "gender": "female",
    "phone_number": "85041366",
    "birthdate": 1268379241,
    "location": {
      "street": "6432 nøddelunden",
      "city": "juelsminde",
      "state": "midtjylland",
      "postcode": 70289
    },
    "username": "tinyfish204",
    "password": "moomoo",
    "first_name": "alma",
    "last_name": "thomsen",
    "title": "mrs",
    "picture": "women/55.jpg"
  },
  {
    "email": "mia.li@example.com",
    "gender": "female",
    "phone_number": "168-828-2650",
    "birthdate": 324722401,
    "location": {
      "street": "7013 36th ave",
      "city": "deer lake",
      "state": "yukon",
      "postcode": 91402
    },
    "username": "organicrabbit832",
    "password": "christa",
    "first_name": "mia",
    "last_name": "li",
    "title": "ms",
    "picture": "women/28.jpg"
  },
  {
    "email": "james.warren@example.com",
    "gender": "male",
    "phone_number": "0789-598-522",
    "birthdate": 524471247,
    "location": {
      "street": "4605 st. john’s road",
      "city": "dundee",
      "state": "south yorkshire",
      "postcode": "LL99 9QJ"
    },
    "username": "ticklishbird503",
    "password": "coconut",
    "first_name": "james",
    "last_name": "warren",
    "title": "mr",
    "picture": "men/43.jpg"
  },
  {
    "email": "signe.olsen@example.com",
    "gender": "female",
    "phone_number": "19695354",
    "birthdate": 53398679,
    "location": {
      "street": "2056 hulvejen",
      "city": "sundby",
      "state": "danmark",
      "postcode": 71252
    },
    "username": "heavypeacock986",
    "password": "feeling",
    "first_name": "signe",
    "last_name": "olsen",
    "title": "ms",
    "picture": "women/88.jpg"
  },
  {
    "email": "adam.porter@example.com",
    "gender": "male",
    "phone_number": "0419-934-681",
    "birthdate": 1080342831,
    "location": {
      "street": "2610 nowlin rd",
      "city": "australian capital territory",
      "state": "new south wales",
      "postcode": 5446
    },
    "username": "beautifulduck156",
    "password": "wanda",
    "first_name": "adam",
    "last_name": "porter",
    "title": "mr",
    "picture": "men/86.jpg"
  },
  {
    "email": "marcus.andersen@example.com",
    "gender": "male",
    "phone_number": "88776448",
    "birthdate": 23357273,
    "location": {
      "street": "5395 hovedvejen",
      "city": "vesterborg",
      "state": "midtjylland",
      "postcode": 63139
    },
    "username": "blackduck663",
    "password": "1003",
    "first_name": "marcus",
    "last_name": "andersen",
    "title": "mr",
    "picture": "men/33.jpg"
  },
  {
    "email": "melissa.fritz@example.com",
    "gender": "female",
    "phone_number": "0171-5413142",
    "birthdate": 962839131,
    "location": {
      "street": "1676 wiesenweg",
      "city": "schierbrok",
      "state": "nordrhein-westfalen",
      "postcode": 86673
    },
    "username": "purplefish635",
    "password": "superstar",
    "first_name": "melissa",
    "last_name": "fritz",
    "title": "miss",
    "picture": "women/89.jpg"
  },
  {
    "email": "kasper.klessens@example.com",
    "gender": "male",
    "phone_number": "(958)-321-7397",
    "birthdate": 1340386309,
    "location": {
      "street": "5521 servaasbolwerk",
      "city": "hendrik-ido-ambacht",
      "state": "flevoland",
      "postcode": 68192
    },
    "username": "silverlion762",
    "password": "komodo",
    "first_name": "kasper",
    "last_name": "klessens",
    "title": "mr",
    "picture": "men/2.jpg"
  },
  {
    "email": "isaltino.rocha@example.com",
    "gender": "male",
    "phone_number": "(36) 0570-2025",
    "birthdate": 426000120,
    "location": {
      "street": "8322 rua santa luzia ",
      "city": "marília",
      "state": "tocantins",
      "postcode": 21342
    },
    "username": "blackbear100",
    "password": "sandy1",
    "first_name": "isaltino",
    "last_name": "rocha",
    "title": "mr",
    "picture": "men/90.jpg"
  },
  {
    "email": "abigail.hamilton@example.com",
    "gender": "female",
    "phone_number": "081-273-7886",
    "birthdate": 870815573,
    "location": {
      "street": "4622 green lane",
      "city": "swords",
      "state": "idaho",
      "postcode": 77531
    },
    "username": "smallswan192",
    "password": "google",
    "first_name": "abigail",
    "last_name": "hamilton",
    "title": "mrs",
    "picture": "women/46.jpg"
  },
  {
    "email": "mason.abraham@example.com",
    "gender": "male",
    "phone_number": "807-178-9585",
    "birthdate": 985022570,
    "location": {
      "street": "3291 simcoe st",
      "city": "westport",
      "state": "alberta",
      "postcode": 55048
    },
    "username": "silvermouse222",
    "password": "belle",
    "first_name": "mason",
    "last_name": "abraham",
    "title": "mr",
    "picture": "algolia/men/honza.png"
  },
  {
    "email": "esat.hamzaoğlu@example.com",
    "gender": "male",
    "phone_number": "(215)-408-5458",
    "birthdate": 628284647,
    "location": {
      "street": "3347 doktorlar cd",
      "city": "manisa",
      "state": "yalova",
      "postcode": 21134
    },
    "username": "heavygorilla341",
    "password": "sable",
    "first_name": "esat",
    "last_name": "hamzaoğlu",
    "title": "mr",
    "picture": "men/9.jpg"
  },
  {
    "email": "rinesh.tielen@example.com",
    "gender": "male",
    "phone_number": "(017)-009-0789",
    "birthdate": 444995867,
    "location": {
      "street": "2259 kintgenshaven",
      "city": "kerkrade",
      "state": "zeeland",
      "postcode": 73367
    },
    "username": "organicduck267",
    "password": "weather",
    "first_name": "rinesh",
    "last_name": "tielen",
    "title": "mr",
    "picture": "men/89.jpg"
  },
  {
    "email": "delphine.taylor@example.com",
    "gender": "female",
    "phone_number": "602-884-3078",
    "birthdate": 1193621288,
    "location": {
      "street": "1426 charles st",
      "city": "chesterville",
      "state": "british columbia",
      "postcode": 86380
    },
    "username": "purplepanda581",
    "password": "2233",
    "first_name": "delphine",
    "last_name": "taylor",
    "title": "mrs",
    "picture": "women/17.jpg"
  },
  {
    "email": "jake.brown@example.com",
    "gender": "male",
    "phone_number": "(427)-211-8595",
    "birthdate": 341267763,
    "location": {
      "street": "9499 lake road",
      "city": "nelson",
      "state": "otago",
      "postcode": 90556
    },
    "username": "brownbear342",
    "password": "ramones",
    "first_name": "jake",
    "last_name": "brown",
    "title": "mr",
    "picture": "men/94.jpg"
  },
  {
    "email": "guillermo.saez@example.com",
    "gender": "male",
    "phone_number": "686-658-217",
    "birthdate": 724236927,
    "location": {
      "street": "3570 avenida de castilla",
      "city": "mérida",
      "state": "andalucía",
      "postcode": 14503
    },
    "username": "redduck278",
    "password": "santiago",
    "first_name": "guillermo",
    "last_name": "saez",
    "title": "mr",
    "picture": "men/19.jpg"
  },
  {
    "email": "judith.schmitz@example.com",
    "gender": "female",
    "phone_number": "0171-7824648",
    "birthdate": 1348121292,
    "location": {
      "street": "8227 römerstraße",
      "city": "mittweida",
      "state": "berlin",
      "postcode": 34006
    },
    "username": "smallcat785",
    "password": "prissy",
    "first_name": "judith",
    "last_name": "schmitz",
    "title": "miss",
    "picture": "women/49.jpg"
  },
  {
    "email": "tammy.bowman@example.com",
    "gender": "female",
    "phone_number": "081-064-2923",
    "birthdate": 833377307,
    "location": {
      "street": "1134 high street",
      "city": "carrigaline",
      "state": "missouri",
      "postcode": 50779
    },
    "username": "orangeduck243",
    "password": "plato",
    "first_name": "tammy",
    "last_name": "bowman",
    "title": "ms",
    "picture": "women/74.jpg"
  },
  {
    "email": "arnold.allen@example.com",
    "gender": "male",
    "phone_number": "081-841-6903",
    "birthdate": 985093723,
    "location": {
      "street": "1921 dame street",
      "city": "lusk",
      "state": "arizona",
      "postcode": 61214
    },
    "username": "bluesnake886",
    "password": "frank",
    "first_name": "arnold",
    "last_name": "allen",
    "title": "mr",
    "picture": "men/3.jpg"
  },
  {
    "email": "پرنیا.جعفری@example.com",
    "gender": "female",
    "phone_number": "0901-034-5061",
    "birthdate": 160836346,
    "location": {
      "street": "4435 شهید ثانی",
      "city": "قزوین",
      "state": "سمنان",
      "postcode": 39241
    },
    "username": "heavyladybug712",
    "password": "jerome",
    "first_name": "پرنیا",
    "last_name": "جعفری",
    "title": "ms",
    "picture": "women/13.jpg"
  },
  {
    "email": "gilbert.willis@example.com",
    "gender": "male",
    "phone_number": "(016)-019-8853",
    "birthdate": 16157918,
    "location": {
      "street": "5488 avondale ave",
      "city": "savannah",
      "state": "pennsylvania",
      "postcode": 10763
    },
    "username": "bluebear261",
    "password": "tinkerbe",
    "first_name": "gilbert",
    "last_name": "willis",
    "title": "mr",
    "picture": "men/27.jpg"
  },
  {
    "email": "selma.andersen@example.com",
    "gender": "female",
    "phone_number": "25728984",
    "birthdate": 1123567,
    "location": {
      "street": "3004 gefionsvej",
      "city": "nimtofte",
      "state": "hovedstaden",
      "postcode": 42642
    },
    "username": "bluedog190",
    "password": "lkjhgfds",
    "first_name": "selma",
    "last_name": "andersen",
    "title": "miss",
    "picture": "women/18.jpg"
  },
  {
    "email": "lara.metzger@example.com",
    "gender": "female",
    "phone_number": "0178-3288824",
    "birthdate": 416553041,
    "location": {
      "street": "8012 schlossstraße",
      "city": "hannover",
      "state": "bayern",
      "postcode": 83703
    },
    "username": "organiclion990",
    "password": "gateway",
    "first_name": "lara",
    "last_name": "metzger",
    "title": "miss",
    "picture": "women/24.jpg"
  },
  {
    "email": "andrea.hernandez@example.com",
    "gender": "female",
    "phone_number": "649-994-475",
    "birthdate": 1437798771,
    "location": {
      "street": "2906 avenida de andalucía",
      "city": "zaragoza",
      "state": "comunidad valenciana",
      "postcode": 18886
    },
    "username": "redduck501",
    "password": "lowrider",
    "first_name": "andrea",
    "last_name": "hernandez",
    "title": "ms",
    "picture": "women/56.jpg"
  },
  {
    "email": "johanne.christiansen@example.com",
    "gender": "female",
    "phone_number": "51301720",
    "birthdate": 245637395,
    "location": {
      "street": "8322 margrethevej",
      "city": "ugerløse",
      "state": "sjælland",
      "postcode": 40435
    },
    "username": "beautifulgorilla878",
    "password": "menace",
    "first_name": "johanne",
    "last_name": "christiansen",
    "title": "ms",
    "picture": "women/48.jpg"
  },
  {
    "email": "alfred.nielsen@example.com",
    "gender": "male",
    "phone_number": "13271213",
    "birthdate": 656385992,
    "location": {
      "street": "7542 græsvangen",
      "city": "saltum",
      "state": "danmark",
      "postcode": 81868
    },
    "username": "crazydog340",
    "password": "stinker",
    "first_name": "alfred",
    "last_name": "nielsen",
    "title": "mr",
    "picture": "men/47.jpg"
  },
  {
    "email": "dawn.neal@example.com",
    "gender": "female",
    "phone_number": "(562)-488-7757",
    "birthdate": 1334577493,
    "location": {
      "street": "6014 prospect rd",
      "city": "berkeley",
      "state": "louisiana",
      "postcode": 85457
    },
    "username": "purplecat469",
    "password": "chevy1",
    "first_name": "dawn",
    "last_name": "neal",
    "title": "ms",
    "picture": "women/62.jpg"
  },
  {
    "email": "charlie.palmer@example.com",
    "gender": "male",
    "phone_number": "081-156-7483",
    "birthdate": 853460249,
    "location": {
      "street": "9902 south street",
      "city": "portmarnock",
      "state": "utah",
      "postcode": 47846
    },
    "username": "lazyladybug983",
    "password": "deedee",
    "first_name": "charlie",
    "last_name": "palmer",
    "title": "mr",
    "picture": "men/97.jpg"
  },
  {
    "email": "romain.noel@example.com",
    "gender": "male",
    "phone_number": "(479)-467-1253",
    "birthdate": 759959900,
    "location": {
      "street": "3524 rue dumenge",
      "city": "servion",
      "state": "thurgau",
      "postcode": 7239
    },
    "username": "goldenpanda940",
    "password": "jackoff",
    "first_name": "romain",
    "last_name": "noel",
    "title": "monsieur",
    "picture": "men/98.jpg"
  },
  {
    "email": "lino.lucas@example.com",
    "gender": "male",
    "phone_number": "06-50-42-33-52",
    "birthdate": 256054802,
    "location": {
      "street": "8563 rue cyrus-hugues",
      "city": "nantes",
      "state": "lot",
      "postcode": 66206
    },
    "username": "blackrabbit457",
    "password": "thethe",
    "first_name": "lino",
    "last_name": "lucas",
    "title": "mr",
    "picture": "men/29.jpg"
  },
  {
    "email": "clinton.bennett@example.com",
    "gender": "male",
    "phone_number": "0412-466-504",
    "birthdate": 952387474,
    "location": {
      "street": "601 wycliff ave",
      "city": "launceston",
      "state": "queensland",
      "postcode": 2912
    },
    "username": "bigelephant798",
    "password": "cigars",
    "first_name": "clinton",
    "last_name": "bennett",
    "title": "mr",
    "picture": "men/85.jpg"
  },
  {
    "email": "sandra.lucas@example.com",
    "gender": "female",
    "phone_number": "(937)-800-4403",
    "birthdate": 1186324487,
    "location": {
      "street": "7780 rue du bon-pasteur",
      "city": "cugy vd",
      "state": "obwalden",
      "postcode": 4326
    },
    "username": "whitecat630",
    "password": "toonarmy",
    "first_name": "sandra",
    "last_name": "lucas",
    "title": "mademoiselle",
    "picture": "women/78.jpg"
  },
  {
    "email": "valtteri.mikkola@example.com",
    "gender": "male",
    "phone_number": "043-242-17-73",
    "birthdate": 909088549,
    "location": {
      "street": "3014 satakennankatu",
      "city": "asikkala",
      "state": "tavastia proper",
      "postcode": 81421
    },
    "username": "crazymeercat569",
    "password": "stocking",
    "first_name": "valtteri",
    "last_name": "mikkola",
    "title": "mr",
    "picture": "men/88.jpg"
  },
  {
    "email": "özkan.tekelioğlu@example.com",
    "gender": "male",
    "phone_number": "(074)-376-7384",
    "birthdate": 616226885,
    "location": {
      "street": "2260 anafartalar cd",
      "city": "afyonkarahisar",
      "state": "amasya",
      "postcode": 31532
    },
    "username": "organiccat298",
    "password": "coventry",
    "first_name": "özkan",
    "last_name": "tekelioğlu",
    "title": "mr",
    "picture": "men/69.jpg"
  },
  {
    "email": "soren.guillaume@example.com",
    "gender": "male",
    "phone_number": "06-57-69-13-70",
    "birthdate": 250107085,
    "location": {
      "street": "7277 rue de l'abbé-de-l'épée",
      "city": "nice",
      "state": "sarthe",
      "postcode": 83089
    },
    "username": "orangefish828",
    "password": "candle",
    "first_name": "soren",
    "last_name": "guillaume",
    "title": "mr",
    "picture": "men/55.jpg"
  },
  {
    "email": "çetin.oraloğlu@example.com",
    "gender": "male",
    "phone_number": "(946)-987-9632",
    "birthdate": 79976776,
    "location": {
      "street": "3559 vatan cd",
      "city": "bartın",
      "state": "bayburt",
      "postcode": 91448
    },
    "username": "crazysnake370",
    "password": "softail",
    "first_name": "çetin",
    "last_name": "oraloğlu",
    "title": "mr",
    "picture": "men/36.jpg"
  },
  {
    "email": "serena.moraes@example.com",
    "gender": "female",
    "phone_number": "(13) 4903-3154",
    "birthdate": 1194422529,
    "location": {
      "street": "1725 rua vinte e dois ",
      "city": "volta redonda",
      "state": "rio grande do norte",
      "postcode": 16680
    },
    "username": "orangemeercat416",
    "password": "cheech",
    "first_name": "serena",
    "last_name": "moraes",
    "title": "mrs",
    "picture": "women/72.jpg"
  },
  {
    "email": "enora.aubert@example.com",
    "gender": "female",
    "phone_number": "(964)-085-6735",
    "birthdate": 900427237,
    "location": {
      "street": "9419 rue du bât-d'argent",
      "city": "syens",
      "state": "appenzell innerrhoden",
      "postcode": 4241
    },
    "username": "lazypeacock446",
    "password": "porsche9",
    "first_name": "enora",
    "last_name": "aubert",
    "title": "madame",
    "picture": "women/2.jpg"
  },
  {
    "email": "siiri.ojala@example.com",
    "gender": "female",
    "phone_number": "045-354-12-27",
    "birthdate": 912900599,
    "location": {
      "street": "4411 hatanpään valtatie",
      "city": "pihtipudas",
      "state": "south karelia",
      "postcode": 60946
    },
    "username": "whitebutterfly256",
    "password": "tongue",
    "first_name": "siiri",
    "last_name": "ojala",
    "title": "ms",
    "picture": "women/85.jpg"
  },
  {
    "email": "benjamin.patel@example.com",
    "gender": "male",
    "phone_number": "(788)-424-7144",
    "birthdate": 929834606,
    "location": {
      "street": "3675 tennyson street",
      "city": "masterton",
      "state": "manawatu-wanganui",
      "postcode": 81684
    },
    "username": "beautifulbear427",
    "password": "cartman",
    "first_name": "benjamin",
    "last_name": "patel",
    "title": "mr",
    "picture": "men/40.jpg"
  },
  {
    "email": "pearl.wilson@example.com",
    "gender": "female",
    "phone_number": "(467)-185-1554",
    "birthdate": 429862737,
    "location": {
      "street": "4959 mcgowen st",
      "city": "moreno valley",
      "state": "new hampshire",
      "postcode": 99959
    },
    "username": "goldenbear204",
    "password": "4545",
    "first_name": "pearl",
    "last_name": "wilson",
    "title": "miss",
    "picture": "women/0.jpg"
  },
  {
    "email": "sara.johansen@example.com",
    "gender": "female",
    "phone_number": "52918686",
    "birthdate": 1278082796,
    "location": {
      "street": "5292 nørregade",
      "city": "noerre alslev",
      "state": "nordjylland",
      "postcode": 76575
    },
    "username": "tinywolf270",
    "password": "123456789",
    "first_name": "sara",
    "last_name": "johansen",
    "title": "mrs",
    "picture": "women/39.jpg"
  },
  {
    "email": "roberto.delgado@example.com",
    "gender": "male",
    "phone_number": "661-893-159",
    "birthdate": 1270737155,
    "location": {
      "street": "9846 calle de la democracia",
      "city": "mérida",
      "state": "extremadura",
      "postcode": 67772
    },
    "username": "bigostrich113",
    "password": "royal",
    "first_name": "roberto",
    "last_name": "delgado",
    "title": "mr",
    "picture": "men/10.jpg"
  },
  {
    "email": "harold.simpson@example.com",
    "gender": "male",
    "phone_number": "0707-006-496",
    "birthdate": 263846857,
    "location": {
      "street": "4184 grange road",
      "city": "wells",
      "state": "hampshire",
      "postcode": "TF60 9PQ"
    },
    "username": "purplegoose229",
    "password": "some",
    "first_name": "harold",
    "last_name": "simpson",
    "title": "mr",
    "picture": "men/39.jpg"
  },
  {
    "email": "gregory.fleming@example.com",
    "gender": "male",
    "phone_number": "(544)-797-0164",
    "birthdate": 308238137,
    "location": {
      "street": "5890 oak ridge ln",
      "city": "orange",
      "state": "minnesota",
      "postcode": 96961
    },
    "username": "orangeswan718",
    "password": "1995",
    "first_name": "gregory",
    "last_name": "fleming",
    "title": "mr",
    "picture": "men/79.jpg"
  },
  {
    "email": "laurie.bouchard@example.com",
    "gender": "female",
    "phone_number": "697-407-8294",
    "birthdate": 284226511,
    "location": {
      "street": "8713 lake of bays road",
      "city": "elgin",
      "state": "ontario",
      "postcode": 17037
    },
    "username": "brownduck797",
    "password": "twelve",
    "first_name": "laurie",
    "last_name": "bouchard",
    "title": "miss",
    "picture": "women/93.jpg"
  },
  {
    "email": "dora.barnes@example.com",
    "gender": "female",
    "phone_number": "0410-268-463",
    "birthdate": 891949738,
    "location": {
      "street": "4899 brown terrace",
      "city": "devonport",
      "state": "queensland",
      "postcode": 2861
    },
    "username": "purplebird909",
    "password": "sally",
    "first_name": "dora",
    "last_name": "barnes",
    "title": "miss",
    "picture": "women/40.jpg"
  },
  {
    "email": "phillip.torres@example.com",
    "gender": "male",
    "phone_number": "(323)-188-2019",
    "birthdate": 401173794,
    "location": {
      "street": "5990 hillcrest rd",
      "city": "toledo",
      "state": "louisiana",
      "postcode": 92625
    },
    "username": "ticklishtiger122",
    "password": "jupiter",
    "first_name": "phillip",
    "last_name": "torres",
    "title": "mr",
    "picture": "men/64.jpg"
  },
  {
    "email": "rosemary.robinson@example.com",
    "gender": "female",
    "phone_number": "(565)-785-2730",
    "birthdate": 892723152,
    "location": {
      "street": "8319 robinson rd",
      "city": "eugene",
      "state": "louisiana",
      "postcode": 86613
    },
    "username": "crazymeercat494",
    "password": "advance",
    "first_name": "rosemary",
    "last_name": "robinson",
    "title": "ms",
    "picture": "algolia/women/fanette.png"
  },
  {
    "email": "anton.christensen@example.com",
    "gender": "male",
    "phone_number": "80126212",
    "birthdate": 328708095,
    "location": {
      "street": "3514 askevej",
      "city": "fredeikssund",
      "state": "nordjylland",
      "postcode": 75116
    },
    "username": "heavytiger158",
    "password": "jonathon",
    "first_name": "anton",
    "last_name": "christensen",
    "title": "mr",
    "picture": "men/81.jpg"
  },
  {
    "email": "emily.wright@example.com",
    "gender": "female",
    "phone_number": "(425)-585-7582",
    "birthdate": 1301992494,
    "location": {
      "street": "7064 mt wellington highway",
      "city": "palmerston north",
      "state": "waikato",
      "postcode": 12077
    },
    "username": "whiteostrich733",
    "password": "lllll",
    "first_name": "emily",
    "last_name": "wright",
    "title": "ms",
    "picture": "women/3.jpg"
  },
  {
    "email": "alisa.niva@example.com",
    "gender": "female",
    "phone_number": "048-525-99-88",
    "birthdate": 1230854738,
    "location": {
      "street": "4903 esplanadi",
      "city": "hämeenkyrö",
      "state": "ostrobothnia",
      "postcode": 12260
    },
    "username": "goldenbutterfly198",
    "password": "cosmos",
    "first_name": "alisa",
    "last_name": "niva",
    "title": "miss",
    "picture": "women/95.jpg"
  },
  {
    "email": "naja.larsen@example.com",
    "gender": "female",
    "phone_number": "47342413",
    "birthdate": 685240705,
    "location": {
      "street": "8463 hobrovej",
      "city": "stokkemarke",
      "state": "midtjylland",
      "postcode": 78729
    },
    "username": "bluefish638",
    "password": "dirtbike",
    "first_name": "naja",
    "last_name": "larsen",
    "title": "miss",
    "picture": "women/44.jpg"
  },
  {
    "email": "alysha.vande westelaken@example.com",
    "gender": "female",
    "phone_number": "(841)-927-0719",
    "birthdate": 1087846170,
    "location": {
      "street": "1156 jan van scorelstraat",
      "city": "zoetermeer",
      "state": "drenthe",
      "postcode": 55138
    },
    "username": "brownelephant697",
    "password": "redbaron",
    "first_name": "alysha",
    "last_name": "van de westelaken",
    "title": "mrs",
    "picture": "women/94.jpg"
  },
  {
    "email": "ahmet.akyüz@example.com",
    "gender": "male",
    "phone_number": "(078)-562-3269",
    "birthdate": 571808203,
    "location": {
      "street": "8072 abanoz sk",
      "city": "malatya",
      "state": "bolu",
      "postcode": 67643
    },
    "username": "blackladybug343",
    "password": "24682468",
    "first_name": "ahmet",
    "last_name": "akyüz",
    "title": "mr",
    "picture": "men/12.jpg"
  },
  {
    "email": "alexis.faure@example.com",
    "gender": "male",
    "phone_number": "06-45-22-40-00",
    "birthdate": 1280205185,
    "location": {
      "street": "6017 rue dumenge",
      "city": "nancy",
      "state": "eure",
      "postcode": 72898
    },
    "username": "orangepeacock394",
    "password": "mephisto",
    "first_name": "alexis",
    "last_name": "faure",
    "title": "mr",
    "picture": "men/22.jpg"
  },
  {
    "email": "nanna.pedersen@example.com",
    "gender": "female",
    "phone_number": "43672992",
    "birthdate": 591428535,
    "location": {
      "street": "2177 fåborgvej",
      "city": "aarhus",
      "state": "syddanmark",
      "postcode": 87547
    },
    "username": "purpleduck599",
    "password": "davids",
    "first_name": "nanna",
    "last_name": "pedersen",
    "title": "ms",
    "picture": "women/68.jpg"
  },
  {
    "email": "charlotte.lee@example.com",
    "gender": "female",
    "phone_number": "(290)-731-9178",
    "birthdate": 1074941562,
    "location": {
      "street": "7390 main street",
      "city": "gisborne",
      "state": "wellington",
      "postcode": 13296
    },
    "username": "lazytiger506",
    "password": "bedford",
    "first_name": "charlotte",
    "last_name": "lee",
    "title": "miss",
    "picture": "women/92.jpg"
  },
  {
    "email": "alexandra.henry@example.com",
    "gender": "female",
    "phone_number": "081-381-7401",
    "birthdate": 81628425,
    "location": {
      "street": "8186 galway road",
      "city": "nenagh",
      "state": "washington",
      "postcode": 69954
    },
    "username": "greengorilla457",
    "password": "mullet",
    "first_name": "alexandra",
    "last_name": "henry",
    "title": "ms",
    "picture": "women/79.jpg"
  },
  {
    "email": "jeremiah.graham@example.com",
    "gender": "male",
    "phone_number": "(666)-480-0019",
    "birthdate": 575937069,
    "location": {
      "street": "7383 plum st",
      "city": "san antonio",
      "state": "south carolina",
      "postcode": 68195
    },
    "username": "goldenbutterfly467",
    "password": "gilbert",
    "first_name": "jeremiah",
    "last_name": "graham",
    "title": "mr",
    "picture": "algolia/men/olivier.png"
  },
  {
    "email": "oscar.christiansen@example.com",
    "gender": "male",
    "phone_number": "38396305",
    "birthdate": 1335200641,
    "location": {
      "street": "9176 glentevej",
      "city": "﻿aaborg øst",
      "state": "syddanmark",
      "postcode": 13286
    },
    "username": "smalldog404",
    "password": "gggggggg",
    "first_name": "oscar",
    "last_name": "christiansen",
    "title": "mr",
    "picture": "men/95.jpg"
  },
  {
    "email": "nella.kangas@example.com",
    "gender": "female",
    "phone_number": "044-023-32-46",
    "birthdate": 9380570,
    "location": {
      "street": "7001 reijolankatu",
      "city": "kiuruvesi",
      "state": "kainuu",
      "postcode": 14639
    },
    "username": "goldengorilla897",
    "password": "bird",
    "first_name": "nella",
    "last_name": "kangas",
    "title": "miss",
    "picture": "women/50.jpg"
  },
  {
    "email": "melinda.hughes@example.com",
    "gender": "female",
    "phone_number": "0458-640-664",
    "birthdate": 317071461,
    "location": {
      "street": "6816 valwood pkwy",
      "city": "warrnambool",
      "state": "south australia",
      "postcode": 1300
    },
    "username": "blacktiger991",
    "password": "chai",
    "first_name": "melinda",
    "last_name": "hughes",
    "title": "mrs",
    "picture": "women/60.jpg"
  },
  {
    "email": "väinö.huotari@example.com",
    "gender": "male",
    "phone_number": "042-857-08-93",
    "birthdate": 691627396,
    "location": {
      "street": "8880 nordenskiöldinkatu",
      "city": "lapinlahti",
      "state": "north karelia",
      "postcode": 15409
    },
    "username": "orangemouse353",
    "password": "5424",
    "first_name": "väinö",
    "last_name": "huotari",
    "title": "mr",
    "picture": "algolia/men/raymond.png"
  },
  {
    "email": "eduardo.vande woestijne@example.com",
    "gender": "male",
    "phone_number": "(509)-465-1330",
    "birthdate": 654190065,
    "location": {
      "street": "4979 houtensepad",
      "city": "baarle-nassau",
      "state": "noord-holland",
      "postcode": 89593
    },
    "username": "whiteelephant609",
    "password": "cyclones",
    "first_name": "eduardo",
    "last_name": "van de woestijne",
    "title": "mr",
    "picture": "men/7.jpg"
  },
  {
    "email": "mustafa.hamzaoğlu@example.com",
    "gender": "male",
    "phone_number": "(645)-838-2501",
    "birthdate": 364873588,
    "location": {
      "street": "8151 necatibey cd",
      "city": "muş",
      "state": "afyonkarahisar",
      "postcode": 59197
    },
    "username": "whitegoose675",
    "password": "clancy",
    "first_name": "mustafa",
    "last_name": "hamzaoğlu",
    "title": "mr",
    "picture": "men/54.jpg"
  },
  {
    "email": "enzo.sanchez@example.com",
    "gender": "male",
    "phone_number": "06-97-94-63-87",
    "birthdate": 559308366,
    "location": {
      "street": "2650 rue de l'abbé-patureau",
      "city": "nîmes",
      "state": "jura",
      "postcode": 52182
    },
    "username": "beautifulcat134",
    "password": "damage",
    "first_name": "enzo",
    "last_name": "sanchez",
    "title": "mr",
    "picture": "men/44.jpg"
  },
  {
    "email": "leo.honkala@example.com",
    "gender": "male",
    "phone_number": "045-040-65-62",
    "birthdate": 87426677,
    "location": {
      "street": "1186 pispalan valtatie",
      "city": "närpes",
      "state": "northern ostrobothnia",
      "postcode": 83201
    },
    "username": "brownmeercat250",
    "password": "sam123",
    "first_name": "leo",
    "last_name": "honkala",
    "title": "mr",
    "picture": "men/0.jpg"
  },
  {
    "email": "dylan.soto@example.com",
    "gender": "male",
    "phone_number": "0460-413-927",
    "birthdate": 1135516409,
    "location": {
      "street": "207 crockett st",
      "city": "maitland",
      "state": "tasmania",
      "postcode": 3720
    },
    "username": "crazyladybug652",
    "password": "jamesbon",
    "first_name": "dylan",
    "last_name": "soto",
    "title": "mr",
    "picture": "men/60.jpg"
  },
  {
    "email": "joan.vega@example.com",
    "gender": "male",
    "phone_number": "603-901-577",
    "birthdate": 1056841988,
    "location": {
      "street": "7526 calle de la democracia",
      "city": "torrejón de ardoz",
      "state": "navarra",
      "postcode": 93823
    },
    "username": "lazypanda981",
    "password": "asia",
    "first_name": "joan",
    "last_name": "vega",
    "title": "mr",
    "picture": "men/74.jpg"
  },
  {
    "email": "wyatt.rhodes@example.com",
    "gender": "male",
    "phone_number": "0764-930-829",
    "birthdate": 1239689756,
    "location": {
      "street": "7254 mill lane",
      "city": "birmingham",
      "state": "cleveland",
      "postcode": "V91 5DL"
    },
    "username": "lazyrabbit702",
    "password": "lisalisa",
    "first_name": "wyatt",
    "last_name": "rhodes",
    "title": "mr",
    "picture": "men/67.jpg"
  },
  {
    "email": "angela.newman@example.com",
    "gender": "female",
    "phone_number": "081-718-3989",
    "birthdate": 479824115,
    "location": {
      "street": "3159 west street",
      "city": "celbridge",
      "state": "colorado",
      "postcode": 82776
    },
    "username": "smallgorilla567",
    "password": "1234567",
    "first_name": "angela",
    "last_name": "newman",
    "title": "mrs",
    "picture": "women/82.jpg"
  },
  {
    "email": "alani.gonçalves@example.com",
    "gender": "female",
    "phone_number": "(71) 6433-4022",
    "birthdate": 457391933,
    "location": {
      "street": "1868 rua são joão ",
      "city": "juazeiro",
      "state": "são paulo",
      "postcode": 85935
    },
    "username": "beautifulladybug889",
    "password": "green",
    "first_name": "alani",
    "last_name": "gonçalves",
    "title": "ms",
    "picture": "women/35.jpg"
  },
  {
    "email": "rachel.lambert@example.com",
    "gender": "female",
    "phone_number": "(850)-005-6759",
    "birthdate": 265000291,
    "location": {
      "street": "6686 rue des chartreux",
      "city": "bussy-chardonney",
      "state": "schaffhausen",
      "postcode": 6935
    },
    "username": "organicgorilla260",
    "password": "jerome",
    "first_name": "rachel",
    "last_name": "lambert",
    "title": "mademoiselle",
    "picture": "women/64.jpg"
  },
  {
    "email": "florence.newman@example.com",
    "gender": "female",
    "phone_number": "081-451-6846",
    "birthdate": 823456158,
    "location": {
      "street": "9334 mill lane",
      "city": "tuam",
      "state": "north dakota",
      "postcode": 54186
    },
    "username": "greendog405",
    "password": "danzig",
    "first_name": "florence",
    "last_name": "newman",
    "title": "mrs",
    "picture": "women/1.jpg"
  },
  {
    "email": "sharon.jimenez@example.com",
    "gender": "female",
    "phone_number": "0714-691-465",
    "birthdate": 941314384,
    "location": {
      "street": "1804 highfield road",
      "city": "peterborough",
      "state": "tyne and wear",
      "postcode": "D2 0DW"
    },
    "username": "whitegoose193",
    "password": "jason",
    "first_name": "sharon",
    "last_name": "jimenez",
    "title": "miss",
    "picture": "women/61.jpg"
  },
  {
    "email": "becky.holmes@example.com",
    "gender": "female",
    "phone_number": "081-326-3849",
    "birthdate": 595606721,
    "location": {
      "street": "4266 cork street",
      "city": "newbridge",
      "state": "alaska",
      "postcode": 32017
    },
    "username": "heavypeacock278",
    "password": "fastball",
    "first_name": "becky",
    "last_name": "holmes",
    "title": "mrs",
    "picture": "women/19.jpg"
  },
  {
    "email": "leo.pierce@example.com",
    "gender": "male",
    "phone_number": "0737-232-385",
    "birthdate": 997995013,
    "location": {
      "street": "3711 mill lane",
      "city": "southampton",
      "state": "northumberland",
      "postcode": "P90 8GG"
    },
    "username": "blackfish735",
    "password": "pass123",
    "first_name": "leo",
    "last_name": "pierce",
    "title": "mr",
    "picture": "men/8.jpg"
  },
  {
    "email": "اميرمحمد.جعفری@example.com",
    "gender": "male",
    "phone_number": "0999-396-3738",
    "birthdate": 96378384,
    "location": {
      "street": "8409 مقدس اردبیلی",
      "city": "گلستان",
      "state": "مازندران",
      "postcode": 61121
    },
    "username": "lazyostrich947",
    "password": "qwert1",
    "first_name": "اميرمحمد",
    "last_name": "جعفری",
    "title": "mr",
    "picture": "algolia/men/jeremy.png"
  },
  {
    "email": "julie.cole@example.com",
    "gender": "female",
    "phone_number": "0790-578-725",
    "birthdate": 734058466,
    "location": {
      "street": "7742 king street",
      "city": "stoke-on-trent",
      "state": "isle of wight",
      "postcode": "DC00 3ZH"
    },
    "username": "browngoose690",
    "password": "100000",
    "first_name": "julie",
    "last_name": "cole",
    "title": "mrs",
    "picture": "women/42.jpg"
  },
  {
    "email": "sammy.gregory@example.com",
    "gender": "male",
    "phone_number": "081-513-7721",
    "birthdate": 461809657,
    "location": {
      "street": "4919 dublin road",
      "city": "castlebar",
      "state": "south dakota",
      "postcode": 96644
    },
    "username": "tinysnake876",
    "password": "carter",
    "first_name": "sammy",
    "last_name": "gregory",
    "title": "mr",
    "picture": "men/48.jpg"
  },
  {
    "email": "lucas.harris@example.com",
    "gender": "male",
    "phone_number": "405-581-1720",
    "birthdate": 1386280410,
    "location": {
      "street": "4423 west ave",
      "city": "winfield",
      "state": "prince edward island",
      "postcode": 29115
    },
    "username": "tinyduck137",
    "password": "decker",
    "first_name": "lucas",
    "last_name": "harris",
    "title": "mr",
    "picture": "men/78.jpg"
  },
  {
    "email": "leo.abraham@example.com",
    "gender": "male",
    "phone_number": "122-307-5945",
    "birthdate": 888702754,
    "location": {
      "street": "7975 park rd",
      "city": "chatham",
      "state": "prince edward island",
      "postcode": 72032
    },
    "username": "lazylion665",
    "password": "fruity",
    "first_name": "leo",
    "last_name": "abraham",
    "title": "mr",
    "picture": "men/92.jpg"
  },
  {
    "email": "stephanie.lawson@example.com",
    "gender": "female",
    "phone_number": "081-904-6460",
    "birthdate": 859981093,
    "location": {
      "street": "5788 woodlawn avenue",
      "city": "tullow",
      "state": "west virginia",
      "postcode": 44130
    },
    "username": "greenelephant794",
    "password": "mohawk",
    "first_name": "stephanie",
    "last_name": "lawson",
    "title": "mrs",
    "picture": "women/20.jpg"
  },
  {
    "email": "jeffrey.myers@example.com",
    "gender": "male",
    "phone_number": "(449)-485-5688",
    "birthdate": 567993820,
    "location": {
      "street": "8239 pockrus page rd",
      "city": "tulsa",
      "state": "colorado",
      "postcode": 47392
    },
    "username": "greenswan192",
    "password": "karate",
    "first_name": "jeffrey",
    "last_name": "myers",
    "title": "mr",
    "picture": "men/83.jpg"
  },
  {
    "email": "morgan.riviere@example.com",
    "gender": "male",
    "phone_number": "06-11-81-82-31",
    "birthdate": 333237167,
    "location": {
      "street": "3416 avenue jean-jaurès",
      "city": "amiens",
      "state": "lot",
      "postcode": 18405
    },
    "username": "lazymouse110",
    "password": "mayday",
    "first_name": "morgan",
    "last_name": "riviere",
    "title": "mr",
    "picture": "men/72.jpg"
  },
  {
    "email": "آنیتا.كامياران@example.com",
    "gender": "female",
    "phone_number": "0995-752-6408",
    "birthdate": 452998355,
    "location": {
      "street": "2794 داودی",
      "city": "قم",
      "state": "آذربایجان شرقی",
      "postcode": 70713
    },
    "username": "blueduck902",
    "password": "puppet",
    "first_name": "آنیتا",
    "last_name": "كامياران",
    "title": "mrs",
    "picture": "women/67.jpg"
  },
  {
    "email": "rita.rezende@example.com",
    "gender": "female",
    "phone_number": "(42) 6069-0555",
    "birthdate": 471574545,
    "location": {
      "street": "2994 travessa dos martírios",
      "city": "imperatriz",
      "state": "rio de janeiro",
      "postcode": 67765
    },
    "username": "yellowlion723",
    "password": "longdong",
    "first_name": "rita",
    "last_name": "rezende",
    "title": "miss",
    "picture": "women/45.jpg"
  },
  {
    "email": "volkan.tazegül@example.com",
    "gender": "male",
    "phone_number": "(320)-301-1432",
    "birthdate": 793083126,
    "location": {
      "street": "4062 bağdat cd",
      "city": "şanlıurfa",
      "state": "şanlıurfa",
      "postcode": 94658
    },
    "username": "beautifuldog103",
    "password": "sunfire",
    "first_name": "volkan",
    "last_name": "tazegül",
    "title": "mr",
    "picture": "men/96.jpg"
  },
  {
    "email": "ane.vankessel@example.com",
    "gender": "male",
    "phone_number": "(575)-275-2642",
    "birthdate": 1028652332,
    "location": {
      "street": "9855 vondellaan",
      "city": "uden",
      "state": "utrecht",
      "postcode": 70325
    },
    "username": "purpleleopard290",
    "password": "pirate",
    "first_name": "ane",
    "last_name": "van kessel",
    "title": "mr",
    "picture": "men/84.jpg"
  },
  {
    "email": "nívia.cardoso@example.com",
    "gender": "female",
    "phone_number": "(14) 9768-6550",
    "birthdate": 69649846,
    "location": {
      "street": "7199 rua piauí ",
      "city": "gravataí",
      "state": "mato grosso",
      "postcode": 57670
    },
    "username": "organicleopard979",
    "password": "gregor",
    "first_name": "nívia",
    "last_name": "cardoso",
    "title": "ms",
    "picture": "women/54.jpg"
  },
  {
    "email": "aurélien.leroy@example.com",
    "gender": "male",
    "phone_number": "06-17-90-10-30",
    "birthdate": 325313009,
    "location": {
      "street": "7032 rue louis-garrand",
      "city": "asnières-sur-seine",
      "state": "vienne",
      "postcode": 80803
    },
    "username": "greencat660",
    "password": "darkman",
    "first_name": "aurélien",
    "last_name": "leroy",
    "title": "mr",
    "picture": "men/35.jpg"
  },
  {
    "email": "arlo.jackson@example.com",
    "gender": "male",
    "phone_number": "(272)-347-0860",
    "birthdate": 73367467,
    "location": {
      "street": "5993 market street",
      "city": "timaru",
      "state": "waikato",
      "postcode": 91749
    },
    "username": "lazyleopard736",
    "password": "unreal",
    "first_name": "arlo",
    "last_name": "jackson",
    "title": "mr",
    "picture": "men/75.jpg"
  },
  {
    "email": "emine.barentsen@example.com",
    "gender": "female",
    "phone_number": "(131)-731-5524",
    "birthdate": 1396240428,
    "location": {
      "street": "6421 twijnstraat",
      "city": "boxmeer",
      "state": "noord-brabant",
      "postcode": 65708
    },
    "username": "bigtiger174",
    "password": "anne",
    "first_name": "emine",
    "last_name": "barentsen",
    "title": "miss",
    "picture": "women/22.jpg"
  },
  {
    "email": "naomi.white@example.com",
    "gender": "female",
    "phone_number": "0411-714-063",
    "birthdate": 464622833,
    "location": {
      "street": "1271 mockingbird ln",
      "city": "kalgoorlie",
      "state": "new south wales",
      "postcode": 6382
    },
    "username": "heavygoose821",
    "password": "zurich",
    "first_name": "naomi",
    "last_name": "white",
    "title": "ms",
    "picture": "women/43.jpg"
  },
  {
    "email": "cindy.perez@example.com",
    "gender": "female",
    "phone_number": "(039)-560-6844",
    "birthdate": 1144299199,
    "location": {
      "street": "7068 washington ave",
      "city": "victorville",
      "state": "idaho",
      "postcode": 81301
    },
    "username": "ticklishpanda180",
    "password": "llllll",
    "first_name": "cindy",
    "last_name": "perez",
    "title": "miss",
    "picture": "women/26.jpg"
  },
  {
    "email": "debbie.may@example.com",
    "gender": "female",
    "phone_number": "081-579-9760",
    "birthdate": 1312176369,
    "location": {
      "street": "6443 springfield road",
      "city": "edenderry",
      "state": "maryland",
      "postcode": 46598
    },
    "username": "whiteostrich342",
    "password": "payton",
    "first_name": "debbie",
    "last_name": "may",
    "title": "ms",
    "picture": "women/15.jpg"
  },
  {
    "email": "carsta.rocha@example.com",
    "gender": "male",
    "phone_number": "(60) 1416-4953",
    "birthdate": 296641611,
    "location": {
      "street": "2609 rua rio de janeiro ",
      "city": "arapongas",
      "state": "amapá",
      "postcode": 91540
    },
    "username": "redfish833",
    "password": "soccer12",
    "first_name": "carsta",
    "last_name": "rocha",
    "title": "mr",
    "picture": "men/4.jpg"
  },
  {
    "email": "consuelo.arias@example.com",
    "gender": "female",
    "phone_number": "681-462-456",
    "birthdate": 379320371,
    "location": {
      "street": "4394 calle de tetuán",
      "city": "torrejón de ardoz",
      "state": "comunidad valenciana",
      "postcode": 19092
    },
    "username": "organictiger721",
    "password": "marianne",
    "first_name": "consuelo",
    "last_name": "arias",
    "title": "miss",
    "picture": "women/71.jpg"
  },
  {
    "email": "stella.guillot@example.com",
    "gender": "female",
    "phone_number": "(385)-232-9840",
    "birthdate": 267531490,
    "location": {
      "street": "7239 rue du 8 mai 1945",
      "city": "bottens",
      "state": "fribourg",
      "postcode": 1847
    },
    "username": "brownduck250",
    "password": "1066",
    "first_name": "stella",
    "last_name": "guillot",
    "title": "madame",
    "picture": "women/23.jpg"
  },
  {
    "email": "marcus.walker@example.com",
    "gender": "male",
    "phone_number": "(690)-027-1079",
    "birthdate": 1382119558,
    "location": {
      "street": "1177 atkinson avenue",
      "city": "auckland",
      "state": "hawke's bay",
      "postcode": 97532
    },
    "username": "redfrog556",
    "password": "girfriend",
    "first_name": "marcus",
    "last_name": "walker",
    "title": "mr",
    "picture": "men/82.jpg"
  },
  {
    "email": "عسل.مرادی@example.com",
    "gender": "female",
    "phone_number": "0925-326-2063",
    "birthdate": 417058382,
    "location": {
      "street": "4981 شهید بهشتی",
      "city": "پاکدشت",
      "state": "مرکزی",
      "postcode": 68555
    },
    "username": "ticklishfish813",
    "password": "zaq12wsx",
    "first_name": "عسل",
    "last_name": "مرادی",
    "title": "mrs",
    "picture": "women/65.jpg"
  },
  {
    "email": "باران.یاسمی@example.com",
    "gender": "female",
    "phone_number": "0908-264-0594",
    "birthdate": 1095446730,
    "location": {
      "street": "3192 دکتر مفتح",
      "city": "پاکدشت",
      "state": "خوزستان",
      "postcode": 28471
    },
    "username": "ticklishfrog180",
    "password": "satan666",
    "first_name": "باران",
    "last_name": "یاسمی",
    "title": "ms",
    "picture": "women/21.jpg"
  },
  {
    "email": "noah.poulsen@example.com",
    "gender": "male",
    "phone_number": "53705244",
    "birthdate": 1314124015,
    "location": {
      "street": "7998 oddenvej",
      "city": "nr åby",
      "state": "syddanmark",
      "postcode": 73617
    },
    "username": "purplesnake503",
    "password": "zelda",
    "first_name": "noah",
    "last_name": "poulsen",
    "title": "mr",
    "picture": "men/41.jpg"
  },
  {
    "email": "priteche.fogaça@example.com",
    "gender": "male",
    "phone_number": "(57) 6145-5813",
    "birthdate": 625120148,
    "location": {
      "street": "1857 rua rio de janeiro ",
      "city": "jaboatão dos guararapes",
      "state": "rio grande do norte",
      "postcode": 70353
    },
    "username": "yellowkoala267",
    "password": "jabber",
    "first_name": "priteche",
    "last_name": "fogaça",
    "title": "mr",
    "picture": "algolia/men/gabe.png"
  },
  {
    "email": "edgar.friedrich@example.com",
    "gender": "male",
    "phone_number": "0174-6711492",
    "birthdate": 286791690,
    "location": {
      "street": "4728 mittelstraße",
      "city": "trier",
      "state": "thüringen",
      "postcode": 99400
    },
    "username": "purplebear225",
    "password": "maddie",
    "first_name": "edgar",
    "last_name": "friedrich",
    "title": "mr",
    "picture": "men/70.jpg"
  },
  {
    "email": "benjamin.beck@example.com",
    "gender": "male",
    "phone_number": "0459-316-814",
    "birthdate": 113060175,
    "location": {
      "street": "426 central st",
      "city": "sunshine coast",
      "state": "tasmania",
      "postcode": 6859
    },
    "username": "ticklishrabbit361",
    "password": "bergkamp",
    "first_name": "benjamin",
    "last_name": "beck",
    "title": "mr",
    "picture": "men/61.jpg"
  },
  {
    "email": "sofie.sørensen@example.com",
    "gender": "female",
    "phone_number": "75873392",
    "birthdate": 551033950,
    "location": {
      "street": "5116 jagtvej",
      "city": "frederiksberg",
      "state": "hovedstaden",
      "postcode": 72840
    },
    "username": "heavymeercat516",
    "password": "trick",
    "first_name": "sofie",
    "last_name": "sørensen",
    "title": "ms",
    "picture": "women/4.jpg"
  },
  {
    "email": "alizee.leroux@example.com",
    "gender": "female",
    "phone_number": "06-89-25-69-04",
    "birthdate": 674256103,
    "location": {
      "street": "3379 avenue debrousse",
      "city": "reims",
      "state": "vienne",
      "postcode": 88218
    },
    "username": "brownmeercat168",
    "password": "turtle",
    "first_name": "alizee",
    "last_name": "leroux",
    "title": "ms",
    "picture": "women/83.jpg"
  },
  {
    "email": "sheryl.carr@example.com",
    "gender": "female",
    "phone_number": "0731-134-689",
    "birthdate": 117923501,
    "location": {
      "street": "8570 queens road",
      "city": "aberdeen",
      "state": "county armagh",
      "postcode": "OM3F 9YU"
    },
    "username": "redbear154",
    "password": "ziggy",
    "first_name": "sheryl",
    "last_name": "carr",
    "title": "ms",
    "picture": "women/75.jpg"
  },
  {
    "email": "emeline.charles@example.com",
    "gender": "female",
    "phone_number": "(311)-279-7621",
    "birthdate": 22755420,
    "location": {
      "street": "9655 rue paul-duvivier",
      "city": "romanel-sur-lausanne",
      "state": "aargau",
      "postcode": 7949
    },
    "username": "heavyfish951",
    "password": "karen",
    "first_name": "emeline",
    "last_name": "charles",
    "title": "mademoiselle",
    "picture": "women/90.jpg"
  },
  {
    "email": "ariana.thompson@example.com",
    "gender": "female",
    "phone_number": "(403)-255-8521",
    "birthdate": 508616445,
    "location": {
      "street": "2962 esmonde road",
      "city": "christchurch",
      "state": "northland",
      "postcode": 90291
    },
    "username": "brownostrich745",
    "password": "hungry",
    "first_name": "ariana",
    "last_name": "thompson",
    "title": "ms",
    "picture": "women/52.jpg"
  },
  {
    "email": "jeremy.weiss@example.com",
    "gender": "male",
    "phone_number": "0172-9704083",
    "birthdate": 1097265312,
    "location": {
      "street": "3704 ringstraße",
      "city": "lüchow-dannenberg",
      "state": "bremen",
      "postcode": 10531
    },
    "username": "blackbird279",
    "password": "mone",
    "first_name": "jeremy",
    "last_name": "weiss",
    "title": "mr",
    "picture": "men/37.jpg"
  },
  {
    "email": "marcos.soto@example.com",
    "gender": "male",
    "phone_number": "685-327-108",
    "birthdate": 867726469,
    "location": {
      "street": "9443 avenida del planetario",
      "city": "alcobendas",
      "state": "canarias",
      "postcode": 58149
    },
    "username": "heavygoose114",
    "password": "roll",
    "first_name": "marcos",
    "last_name": "soto",
    "title": "mr",
    "picture": "men/31.jpg"
  },
  {
    "email": "sofia.sales@example.com",
    "gender": "female",
    "phone_number": "(69) 6275-4624",
    "birthdate": 841700488,
    "location": {
      "street": "3688 rua joão xxiii",
      "city": "catanduva",
      "state": "piauí",
      "postcode": 26830
    },
    "username": "redlion952",
    "password": "kaiser",
    "first_name": "sofia",
    "last_name": "sales",
    "title": "ms",
    "picture": "women/66.jpg"
  },
  {
    "email": "anna.miller@example.com",
    "gender": "female",
    "phone_number": "0757-774-062",
    "birthdate": 1378090803,
    "location": {
      "street": "3577 chester road",
      "city": "ely",
      "state": "berkshire",
      "postcode": "W9 1BP"
    },
    "username": "orangemouse723",
    "password": "siobhan",
    "first_name": "anna",
    "last_name": "miller",
    "title": "miss",
    "picture": "women/84.jpg"
  },
  {
    "email": "donald.riley@example.com",
    "gender": "male",
    "phone_number": "(804)-650-8144",
    "birthdate": 759024694,
    "location": {
      "street": "5828 first street",
      "city": "dumas",
      "state": "nevada",
      "postcode": 61505
    },
    "username": "browngoose143",
    "password": "clevelan",
    "first_name": "donald",
    "last_name": "riley",
    "title": "mr",
    "picture": "men/34.jpg"
  },
  {
    "email": "melany.wijngaard@example.com",
    "gender": "female",
    "phone_number": "(727)-033-9347",
    "birthdate": 608022796,
    "location": {
      "street": "2431 predikherenkerkhof",
      "city": "staphorst",
      "state": "gelderland",
      "postcode": 64265
    },
    "username": "bigpeacock217",
    "password": "eagle",
    "first_name": "melany",
    "last_name": "wijngaard",
    "title": "miss",
    "picture": "women/70.jpg"
  },
  {
    "email": "mathias.nielsen@example.com",
    "gender": "male",
    "phone_number": "10676217",
    "birthdate": 609178245,
    "location": {
      "street": "6304 spættevej",
      "city": "århus c.",
      "state": "hovedstaden",
      "postcode": 21472
    },
    "username": "beautifulbutterfly247",
    "password": "336699",
    "first_name": "mathias",
    "last_name": "nielsen",
    "title": "mr",
    "picture": "men/14.jpg"
  },
  {
    "email": "claire.garcia@example.com",
    "gender": "female",
    "phone_number": "(358)-286-2903",
    "birthdate": 513865716,
    "location": {
      "street": "5695 avenue debourg",
      "city": "bournens",
      "state": "schaffhausen",
      "postcode": 1210
    },
    "username": "redelephant795",
    "password": "showing",
    "first_name": "claire",
    "last_name": "garcia",
    "title": "madame",
    "picture": "women/81.jpg"
  },
  {
    "email": "ashley.tucker@example.com",
    "gender": "female",
    "phone_number": "081-346-8038",
    "birthdate": 206529207,
    "location": {
      "street": "3693 west street",
      "city": "listowel",
      "state": "nevada",
      "postcode": 62963
    },
    "username": "organicfrog467",
    "password": "feet",
    "first_name": "ashley",
    "last_name": "tucker",
    "title": "ms",
    "picture": "women/47.jpg"
  },
  {
    "email": "alyssa.andre@example.com",
    "gender": "female",
    "phone_number": "06-61-26-48-78",
    "birthdate": 14471564,
    "location": {
      "street": "4392 place du 22 novembre 1943",
      "city": "mulhouse",
      "state": "lozère",
      "postcode": 33786
    },
    "username": "bigtiger239",
    "password": "clover",
    "first_name": "alyssa",
    "last_name": "andre",
    "title": "mrs",
    "picture": "women/37.jpg"
  },
  {
    "email": "summer.wood@example.com",
    "gender": "female",
    "phone_number": "(631)-847-8482",
    "birthdate": 541808639,
    "location": {
      "street": "8538 fitzherbert avenue",
      "city": "palmerston north",
      "state": "bay of plenty",
      "postcode": 24035
    },
    "username": "purpleleopard272",
    "password": "malice",
    "first_name": "summer",
    "last_name": "wood",
    "title": "mrs",
    "picture": "women/34.jpg"
  },
  {
    "email": "natércio.castro@example.com",
    "gender": "male",
    "phone_number": "(24) 9586-4164",
    "birthdate": 175528223,
    "location": {
      "street": "2970 rua vinte e dois ",
      "city": "olinda",
      "state": "sergipe",
      "postcode": 18053
    },
    "username": "purplewolf989",
    "password": "blanca",
    "first_name": "natércio",
    "last_name": "castro",
    "title": "mr",
    "picture": "men/13.jpg"
  },
  {
    "email": "terrence.king@example.com",
    "gender": "male",
    "phone_number": "0446-337-253",
    "birthdate": 971665235,
    "location": {
      "street": "7435 first street",
      "city": "australian capital territory",
      "state": "south australia",
      "postcode": 9658
    },
    "username": "organickoala820",
    "password": "cwoui",
    "first_name": "terrence",
    "last_name": "king",
    "title": "mr",
    "picture": "men/87.jpg"
  },
  {
    "email": "william.david@example.com",
    "gender": "male",
    "phone_number": "(494)-541-3062",
    "birthdate": 498456350,
    "location": {
      "street": "1507 rue abel-ferry",
      "city": "aclens",
      "state": "schaffhausen",
      "postcode": 4583
    },
    "username": "orangepanda797",
    "password": "pinkfloyd",
    "first_name": "william",
    "last_name": "david",
    "title": "monsieur",
    "picture": "men/38.jpg"
  },
  {
    "email": "irene.morales@example.com",
    "gender": "female",
    "phone_number": "625-790-958",
    "birthdate": 513983644,
    "location": {
      "street": "4096 calle del arenal",
      "city": "lorca",
      "state": "castilla y león",
      "postcode": 40542
    },
    "username": "goldenfish109",
    "password": "field",
    "first_name": "irene",
    "last_name": "morales",
    "title": "mrs",
    "picture": "women/87.jpg"
  },
  {
    "email": "آرمیتا.سلطانینژاد@example.com",
    "gender": "female",
    "phone_number": "0904-946-2757",
    "birthdate": 1282460030,
    "location": {
      "street": "5379 شیخ فضل الله نوری",
      "city": "زنجان",
      "state": "آذربایجان غربی",
      "postcode": 67937
    },
    "username": "blueswan165",
    "password": "nudes",
    "first_name": "آرمیتا",
    "last_name": "سلطانی نژاد",
    "title": "mrs",
    "picture": "women/8.jpg"
  },
  {
    "email": "stefan.siebert@example.com",
    "gender": "male",
    "phone_number": "0175-8081099",
    "birthdate": 995242988,
    "location": {
      "street": "9925 römerstraße",
      "city": "kleve",
      "state": "saarland",
      "postcode": 93927
    },
    "username": "crazycat938",
    "password": "sommer",
    "first_name": "stefan",
    "last_name": "siebert",
    "title": "mr",
    "picture": "men/21.jpg"
  },
  {
    "email": "amy.miller@example.com",
    "gender": "female",
    "phone_number": "567-629-4636",
    "birthdate": 487837819,
    "location": {
      "street": "2206 grand marais ave",
      "city": "st. antoine",
      "state": "saskatchewan",
      "postcode": 83344
    },
    "username": "bluebear787",
    "password": "soft",
    "first_name": "amy",
    "last_name": "miller",
    "title": "miss",
    "picture": "women/58.jpg"
  },
  {
    "email": "noélie.roux@example.com",
    "gender": "female",
    "phone_number": "06-68-19-42-68",
    "birthdate": 669873438,
    "location": {
      "street": "6224 rue barrème",
      "city": "paris",
      "state": "ain",
      "postcode": 89564
    },
    "username": "blueelephant373",
    "password": "282828",
    "first_name": "noélie",
    "last_name": "roux",
    "title": "mrs",
    "picture": "women/51.jpg"
  },
  {
    "email": "enrique.brewer@example.com",
    "gender": "male",
    "phone_number": "081-445-2504",
    "birthdate": 777104132,
    "location": {
      "street": "1252 church street",
      "city": "newcastle west",
      "state": "arkansas",
      "postcode": 28056
    },
    "username": "heavywolf560",
    "password": "deaths",
    "first_name": "enrique",
    "last_name": "brewer",
    "title": "mr",
    "picture": "men/76.jpg"
  },
  {
    "email": "abssilão.rodrigues@example.com",
    "gender": "male",
    "phone_number": "(12) 1563-0822",
    "birthdate": 12543906,
    "location": {
      "street": "2358 rua são luiz ",
      "city": "pinhais",
      "state": "amapá",
      "postcode": 62771
    },
    "username": "smallleopard973",
    "password": "emerson",
    "first_name": "abssilão",
    "last_name": "rodrigues",
    "title": "mr",
    "picture": "men/5.jpg"
  },
  {
    "email": "liam.walters@example.com",
    "gender": "male",
    "phone_number": "0438-376-652",
    "birthdate": 826530877,
    "location": {
      "street": "9156 dogwood ave",
      "city": "devonport",
      "state": "australian capital territory",
      "postcode": 7374
    },
    "username": "biglion964",
    "password": "training",
    "first_name": "liam",
    "last_name": "walters",
    "title": "mr",
    "picture": "men/50.jpg"
  },
  {
    "email": "nicole.curtis@example.com",
    "gender": "female",
    "phone_number": "081-784-8292",
    "birthdate": 1154981509,
    "location": {
      "street": "9640 denny street",
      "city": "carrick-on-suir",
      "state": "missouri",
      "postcode": 83944
    },
    "username": "goldenbutterfly133",
    "password": "tunafish",
    "first_name": "nicole",
    "last_name": "curtis",
    "title": "mrs",
    "picture": "women/41.jpg"
  },
  {
    "email": "deolindo.vieira@example.com",
    "gender": "male",
    "phone_number": "(93) 2134-8962",
    "birthdate": 1116215145,
    "location": {
      "street": "6274 rua santa maria ",
      "city": "varginha",
      "state": "rondônia",
      "postcode": 78801
    },
    "username": "bigsnake641",
    "password": "darklord",
    "first_name": "deolindo",
    "last_name": "vieira",
    "title": "mr",
    "picture": "men/59.jpg"
  },
  {
    "email": "miguel.sanz@example.com",
    "gender": "male",
    "phone_number": "636-912-353",
    "birthdate": 450524670,
    "location": {
      "street": "1543 calle de argumosa",
      "city": "valladolid",
      "state": "comunidad de madrid",
      "postcode": 87843
    },
    "username": "silverfrog877",
    "password": "gilligan",
    "first_name": "miguel",
    "last_name": "sanz",
    "title": "mr",
    "picture": "men/71.jpg"
  },
  {
    "email": "karen.stanley@example.com",
    "gender": "female",
    "phone_number": "081-988-5646",
    "birthdate": 1114669499,
    "location": {
      "street": "7483 dublin road",
      "city": "loughrea",
      "state": "illinois",
      "postcode": 46508
    },
    "username": "heavyrabbit592",
    "password": "virus",
    "first_name": "karen",
    "last_name": "stanley",
    "title": "mrs",
    "picture": "women/63.jpg"
  },
  {
    "email": "tammy.hayes@example.com",
    "gender": "female",
    "phone_number": "081-647-6483",
    "birthdate": 1178643060,
    "location": {
      "street": "2510 the grove",
      "city": "athlone",
      "state": "rhode island",
      "postcode": 47861
    },
    "username": "brownrabbit758",
    "password": "harley1",
    "first_name": "tammy",
    "last_name": "hayes",
    "title": "ms",
    "picture": "women/59.jpg"
  },
  {
    "email": "شایان.حسینی@example.com",
    "gender": "male",
    "phone_number": "0946-021-2412",
    "birthdate": 728429297,
    "location": {
      "street": "2818 میدان انقلاب",
      "city": "ساوه",
      "state": "لرستان",
      "postcode": 61418
    },
    "username": "heavybird362",
    "password": "instant",
    "first_name": "شایان",
    "last_name": "حسینی",
    "title": "mr",
    "picture": "men/58.jpg"
  },
  {
    "email": "konrad.siebert@example.com",
    "gender": "male",
    "phone_number": "0176-8482149",
    "birthdate": 563422602,
    "location": {
      "street": "1436 neue straße",
      "city": "osterode am harz",
      "state": "hessen",
      "postcode": 42560
    },
    "username": "tinytiger768",
    "password": "horny",
    "first_name": "konrad",
    "last_name": "siebert",
    "title": "mr",
    "picture": "men/45.jpg"
  },
  {
    "email": "ben.perry@example.com",
    "gender": "male",
    "phone_number": "(412)-745-4263",
    "birthdate": 189063593,
    "location": {
      "street": "5778 lakeshore rd",
      "city": "west jordan",
      "state": "ohio",
      "postcode": 65378
    },
    "username": "smallfrog806",
    "password": "01234567",
    "first_name": "ben",
    "last_name": "perry",
    "title": "mr",
    "picture": "men/77.jpg"
  },
  {
    "email": "joaquin.hidalgo@example.com",
    "gender": "male",
    "phone_number": "614-654-138",
    "birthdate": 1381390352,
    "location": {
      "street": "7830 calle de ángel garcía",
      "city": "mérida",
      "state": "comunidad valenciana",
      "postcode": 88025
    },
    "username": "bigcat536",
    "password": "kris",
    "first_name": "joaquin",
    "last_name": "hidalgo",
    "title": "mr",
    "picture": "men/57.jpg"
  },
  {
    "email": "pauline.perez@example.com",
    "gender": "female",
    "phone_number": "(189)-609-2928",
    "birthdate": 917729650,
    "location": {
      "street": "1493 rue de bonnel",
      "city": "aclens",
      "state": "valais",
      "postcode": 8175
    },
    "username": "tinyfish934",
    "password": "oicu812",
    "first_name": "pauline",
    "last_name": "perez",
    "title": "madame",
    "picture": "women/96.jpg"
  },
  {
    "email": "tom.wolff@example.com",
    "gender": "male",
    "phone_number": "0175-3665364",
    "birthdate": 477527796,
    "location": {
      "street": "6876 buchenweg",
      "city": "vechta",
      "state": "schleswig-holstein",
      "postcode": 35491
    },
    "username": "ticklishduck355",
    "password": "budlight",
    "first_name": "tom",
    "last_name": "wolff",
    "title": "mr",
    "picture": "algolia/men/xander.png"
  },
  {
    "email": "oona.latvala@example.com",
    "gender": "female",
    "phone_number": "049-372-50-45",
    "birthdate": 727804593,
    "location": {
      "street": "1534 tahmelantie",
      "city": "vimpeli",
      "state": "central ostrobothnia",
      "postcode": 18173
    },
    "username": "purplelion119",
    "password": "121212",
    "first_name": "oona",
    "last_name": "latvala",
    "title": "miss",
    "picture": "women/77.jpg"
  },
  {
    "email": "james.lévesque@example.com",
    "gender": "male",
    "phone_number": "294-215-3722",
    "birthdate": 808069609,
    "location": {
      "street": "5000 cedar st",
      "city": "shelbourne",
      "state": "yukon",
      "postcode": 95160
    },
    "username": "bigelephant213",
    "password": "hamish",
    "first_name": "james",
    "last_name": "lévesque",
    "title": "mr",
    "picture": "men/6.jpg"
  },
  {
    "email": "femia.pruijssers@example.com",
    "gender": "female",
    "phone_number": "(328)-454-1571",
    "birthdate": 725571465,
    "location": {
      "street": "5722 gansstraat",
      "city": "ferwerderadiel",
      "state": "gelderland",
      "postcode": 28606
    },
    "username": "greenswan233",
    "password": "grandpa",
    "first_name": "femia",
    "last_name": "pruijssers",
    "title": "ms",
    "picture": "women/11.jpg"
  },
  {
    "email": "laly.dasilva@example.com",
    "gender": "female",
    "phone_number": "(082)-419-9335",
    "birthdate": 1123776172,
    "location": {
      "street": "5396 rue duquesne",
      "city": "villars-le-terroir",
      "state": "ticino",
      "postcode": 9152
    },
    "username": "bluebird274",
    "password": "design",
    "first_name": "laly",
    "last_name": "da silva",
    "title": "mademoiselle",
    "picture": "women/9.jpg"
  },
  {
    "email": "ross.nichols@example.com",
    "gender": "male",
    "phone_number": "081-438-6677",
    "birthdate": 1110975010,
    "location": {
      "street": "6669 south street",
      "city": "kilcock",
      "state": "oklahoma",
      "postcode": 75336
    },
    "username": "orangelion300",
    "password": "blaze",
    "first_name": "ross",
    "last_name": "nichols",
    "title": "mr",
    "picture": "men/66.jpg"
  },
  {
    "email": "sarah.oliver@example.com",
    "gender": "female",
    "phone_number": "0761-814-654",
    "birthdate": 1038915780,
    "location": {
      "street": "3503 manor road",
      "city": "manchester",
      "state": "highlands and islands",
      "postcode": "I30 5ZF"
    },
    "username": "purplebear893",
    "password": "boat",
    "first_name": "sarah",
    "last_name": "oliver",
    "title": "ms",
    "picture": "women/73.jpg"
  },
  {
    "email": "jeanne.nelson@example.com",
    "gender": "female",
    "phone_number": "0418-190-097",
    "birthdate": 591250973,
    "location": {
      "street": "1002 parker rd",
      "city": "geelong",
      "state": "northern territory",
      "postcode": 3162
    },
    "username": "crazyladybug545",
    "password": "313131",
    "first_name": "jeanne",
    "last_name": "nelson",
    "title": "miss",
    "picture": "women/33.jpg"
  },
  {
    "email": "bernard.wilson@example.com",
    "gender": "male",
    "phone_number": "0727-970-211",
    "birthdate": 504704897,
    "location": {
      "street": "9455 the drive",
      "city": "preston",
      "state": "cumbria",
      "postcode": "A6N 9GS"
    },
    "username": "smallduck339",
    "password": "japanes",
    "first_name": "bernard",
    "last_name": "wilson",
    "title": "mr",
    "picture": "men/80.jpg"
  },
  {
    "email": "darius.conrad@example.com",
    "gender": "male",
    "phone_number": "0171-7784156",
    "birthdate": 12452416,
    "location": {
      "street": "7054 gartenweg",
      "city": "osterode am harz",
      "state": "bayern",
      "postcode": 69450
    },
    "username": "smallgorilla954",
    "password": "qwerqwer",
    "first_name": "darius",
    "last_name": "conrad",
    "title": "mr",
    "picture": "men/68.jpg"
  },
  {
    "email": "malthe.andersen@example.com",
    "gender": "male",
    "phone_number": "12918640",
    "birthdate": 722530420,
    "location": {
      "street": "1833 vestparken",
      "city": "lemvig",
      "state": "hovedstaden",
      "postcode": 88997
    },
    "username": "crazyfish482",
    "password": "junk",
    "first_name": "malthe",
    "last_name": "andersen",
    "title": "mr",
    "picture": "men/30.jpg"
  },
  {
    "email": "emma.manni@example.com",
    "gender": "female",
    "phone_number": "043-835-10-98",
    "birthdate": 458580461,
    "location": {
      "street": "6046 otavalankatu",
      "city": "geta",
      "state": "satakunta",
      "postcode": 70518
    },
    "username": "tinymouse476",
    "password": "tzpvaw",
    "first_name": "emma",
    "last_name": "manni",
    "title": "miss",
    "picture": "women/5.jpg"
  },
  {
    "email": "druso.nascimento@example.com",
    "gender": "male",
    "phone_number": "(05) 2501-9070",
    "birthdate": 845185612,
    "location": {
      "street": "5811 rua boa vista ",
      "city": "vespasiano",
      "state": "rio grande do norte",
      "postcode": 74588
    },
    "username": "whitefish483",
    "password": "goldstar",
    "first_name": "druso",
    "last_name": "nascimento",
    "title": "mr",
    "picture": "men/18.jpg"
  },
  {
    "email": "greta.vanlimpt@example.com",
    "gender": "female",
    "phone_number": "(332)-879-4592",
    "birthdate": 6714468,
    "location": {
      "street": "4062 wijde begijnestraat",
      "city": "culemborg",
      "state": "flevoland",
      "postcode": 73952
    },
    "username": "smallduck854",
    "password": "abcdefgh",
    "first_name": "greta",
    "last_name": "van limpt",
    "title": "mrs",
    "picture": "women/12.jpg"
  },
  {
    "email": "نيما.جعفری@example.com",
    "gender": "male",
    "phone_number": "0912-030-9784",
    "birthdate": 532295794,
    "location": {
      "street": "7577 میدان 7 تیر",
      "city": "همدان",
      "state": "اردبیل",
      "postcode": 57685
    },
    "username": "beautifullion345",
    "password": "insert",
    "first_name": "نيما",
    "last_name": "جعفری",
    "title": "mr",
    "picture": "men/42.jpg"
  },
  {
    "email": "ستایش.یاسمی@example.com",
    "gender": "female",
    "phone_number": "0930-256-0917",
    "birthdate": 1394744991,
    "location": {
      "street": "1897 هویزه",
      "city": "بجنورد",
      "state": "لرستان",
      "postcode": 21321
    },
    "username": "silverostrich141",
    "password": "kill",
    "first_name": "ستایش",
    "last_name": "یاسمی",
    "title": "miss",
    "picture": "women/10.jpg"
  },
  {
    "email": "marcus.rasmussen@example.com",
    "gender": "male",
    "phone_number": "22688318",
    "birthdate": 616133025,
    "location": {
      "street": "3776 frilandsvej",
      "city": "gjerlev",
      "state": "syddanmark",
      "postcode": 36579
    },
    "username": "goldentiger886",
    "password": "wayer",
    "first_name": "marcus",
    "last_name": "rasmussen",
    "title": "mr",
    "picture": "men/51.jpg"
  },
  {
    "email": "peter.bell@example.com",
    "gender": "male",
    "phone_number": "0745-196-827",
    "birthdate": 792581498,
    "location": {
      "street": "3477 the green",
      "city": "ely",
      "state": "lancashire",
      "postcode": "SL7I 5TX"
    },
    "username": "yellowladybug664",
    "password": "dannyboy",
    "first_name": "peter",
    "last_name": "bell",
    "title": "mr",
    "picture": "men/53.jpg"
  },
  {
    "email": "hector.guerrero@example.com",
    "gender": "male",
    "phone_number": "696-963-949",
    "birthdate": 1040720948,
    "location": {
      "street": "5140 calle nebrija",
      "city": "alcobendas",
      "state": "navarra",
      "postcode": 56387
    },
    "username": "lazyleopard999",
    "password": "godfather",
    "first_name": "hector",
    "last_name": "guerrero",
    "title": "mr",
    "picture": "men/11.jpg"
  },
  {
    "email": "arnaud.lo@example.com",
    "gender": "male",
    "phone_number": "905-307-4254",
    "birthdate": 831874866,
    "location": {
      "street": "8252 20th ave",
      "city": "maitland",
      "state": "new brunswick",
      "postcode": 16088
    },
    "username": "goldenwolf287",
    "password": "dogfood",
    "first_name": "arnaud",
    "last_name": "lo",
    "title": "mr",
    "picture": "men/32.jpg"
  },
  {
    "email": "julienne.lelieveld@example.com",
    "gender": "female",
    "phone_number": "(014)-370-6505",
    "birthdate": 1132208385,
    "location": {
      "street": "4777 hoefsmederijpad",
      "city": "leeuwarden",
      "state": "zuid-holland",
      "postcode": 27303
    },
    "username": "purpletiger354",
    "password": "casey1",
    "first_name": "julienne",
    "last_name": "lelieveld",
    "title": "mrs",
    "picture": "women/86.jpg"
  },
  {
    "email": "aurélien.fontai@example.com",
    "gender": "male",
    "phone_number": "(364)-916-4680",
    "birthdate": 682846734,
    "location": {
      "street": "2443 place de la mairie",
      "city": "epesses",
      "state": "genève",
      "postcode": 5403
    },
    "username": "silversnake816",
    "password": "debra",
    "first_name": "aurélien",
    "last_name": "fontai",
    "title": "monsieur",
    "picture": "algolia/men/alexs.png"
  },
  {
    "email": "valdemar.nielsen@example.com",
    "gender": "male",
    "phone_number": "10899723",
    "birthdate": 95904272,
    "location": {
      "street": "5544 østervangsvej",
      "city": "allinge",
      "state": "syddanmark",
      "postcode": 72707
    },
    "username": "bluegorilla239",
    "password": "bluedog",
    "first_name": "valdemar",
    "last_name": "nielsen",
    "title": "mr",
    "picture": "men/99.jpg"
  },
  {
    "email": "fabio.dupont@example.com",
    "gender": "male",
    "phone_number": "(503)-255-0533",
    "birthdate": 1138394877,
    "location": {
      "street": "6321 avenue debourg",
      "city": "denens",
      "state": "neuchâtel",
      "postcode": 9926
    },
    "username": "purplebear824",
    "password": "shelly",
    "first_name": "fabio",
    "last_name": "dupont",
    "title": "monsieur",
    "picture": "men/1.jpg"
  },
  {
    "email": "mathew.richards@example.com",
    "gender": "male",
    "phone_number": "0457-239-253",
    "birthdate": 988778909,
    "location": {
      "street": "4290 lovers ln",
      "city": "sunshine coast",
      "state": "australian capital territory",
      "postcode": 6869
    },
    "username": "blackpeacock624",
    "password": "milo",
    "first_name": "mathew",
    "last_name": "richards",
    "title": "mr",
    "picture": "men/15.jpg"
  },
  {
    "email": "nonato.pires@example.com",
    "gender": "male",
    "phone_number": "(62) 3725-1840",
    "birthdate": 488254407,
    "location": {
      "street": "1697 rua tiradentes ",
      "city": "são paulo",
      "state": "roraima",
      "postcode": 41957
    },
    "username": "redrabbit322",
    "password": "phish",
    "first_name": "nonato",
    "last_name": "pires",
    "title": "mr",
    "picture": "men/91.jpg"
  },
  {
    "email": "marjorie.steward@example.com",
    "gender": "female",
    "phone_number": "0446-772-290",
    "birthdate": 1101314938,
    "location": {
      "street": "8735 bruce st",
      "city": "traralgon",
      "state": "south australia",
      "postcode": 8028
    },
    "username": "brownlion891",
    "password": "obsidian",
    "first_name": "marjorie",
    "last_name": "steward",
    "title": "miss",
    "picture": "women/36.jpg"
  },
  {
    "email": "mia.sanchez@example.com",
    "gender": "female",
    "phone_number": "0729-610-908",
    "birthdate": 324198991,
    "location": {
      "street": "7338 high street",
      "city": "preston",
      "state": "cleveland",
      "postcode": "S16 2JE"
    },
    "username": "whiteswan766",
    "password": "again",
    "first_name": "mia",
    "last_name": "sanchez",
    "title": "mrs",
    "picture": "women/80.jpg"
  },
  {
    "email": "efe.aydan@example.com",
    "gender": "male",
    "phone_number": "(360)-024-6328",
    "birthdate": 748234079,
    "location": {
      "street": "7690 maçka cd",
      "city": "artvin",
      "state": "kırıkkale",
      "postcode": 23645
    },
    "username": "ticklishlion559",
    "password": "qwert",
    "first_name": "efe",
    "last_name": "aydan",
    "title": "mr",
    "picture": "men/62.jpg"
  },
  {
    "email": "giselle.monteiro@example.com",
    "gender": "female",
    "phone_number": "(71) 5848-8742",
    "birthdate": 1302716933,
    "location": {
      "street": "5474 rua piauí ",
      "city": "americana",
      "state": "rio grande do norte",
      "postcode": 52659
    },
    "username": "blackgorilla346",
    "password": "shou",
    "first_name": "giselle",
    "last_name": "monteiro",
    "title": "miss",
    "picture": "women/7.jpg"
  },
  {
    "email": "theo.bader@example.com",
    "gender": "male",
    "phone_number": "0173-7423089",
    "birthdate": 269358671,
    "location": {
      "street": "5774 gartenweg",
      "city": "münster",
      "state": "nordrhein-westfalen",
      "postcode": 55289
    },
    "username": "orangetiger943",
    "password": "blast",
    "first_name": "theo",
    "last_name": "bader",
    "title": "mr",
    "picture": "men/63.jpg"
  },
  {
    "email": "cassandre.leroux@example.com",
    "gender": "female",
    "phone_number": "06-09-96-38-18",
    "birthdate": 569521519,
    "location": {
      "street": "4917 rue duguesclin",
      "city": "versailles",
      "state": "territoire de belfort",
      "postcode": 59655
    },
    "username": "bigwolf469",
    "password": "spooge",
    "first_name": "cassandre",
    "last_name": "leroux",
    "title": "mrs",
    "picture": "women/25.jpg"
  },
  {
    "email": "edgar.shelton@example.com",
    "gender": "male",
    "phone_number": "0467-658-105",
    "birthdate": 125584897,
    "location": {
      "street": "4301 blossom hill rd",
      "city": "warrnambool",
      "state": "queensland",
      "postcode": 2629
    },
    "username": "tinyswan868",
    "password": "mmmm",
    "first_name": "edgar",
    "last_name": "shelton",
    "title": "mr",
    "picture": "men/46.jpg"
  },
  {
    "email": "isabel.jackson@example.com",
    "gender": "female",
    "phone_number": "(570)-687-7371",
    "birthdate": 1276278001,
    "location": {
      "street": "5749 main street west",
      "city": "gisborne",
      "state": "hawke's bay",
      "postcode": 48884
    },
    "username": "blacksnake288",
    "password": "corvette",
    "first_name": "isabel",
    "last_name": "jackson",
    "title": "ms",
    "picture": "women/30.jpg"
  },
  {
    "email": "helena.wirth@example.com",
    "gender": "female",
    "phone_number": "0173-4867633",
    "birthdate": 1060118652,
    "location": {
      "street": "9562 eichenweg",
      "city": "traunstein",
      "state": "rheinland-pfalz",
      "postcode": 12847
    },
    "username": "heavybutterfly840",
    "password": "panic",
    "first_name": "helena",
    "last_name": "wirth",
    "title": "miss",
    "picture": "women/53.jpg"
  },
  {
    "email": "clotildes.darosa@example.com",
    "gender": "female",
    "phone_number": "(65) 9912-7496",
    "birthdate": 469970647,
    "location": {
      "street": "9375 rua santa rita ",
      "city": "itabira",
      "state": "mato grosso do sul",
      "postcode": 15517
    },
    "username": "bluegorilla991",
    "password": "dank",
    "first_name": "clotildes",
    "last_name": "da rosa",
    "title": "ms",
    "picture": "women/16.jpg"
  },
  {
    "email": "buse.dağdaş@example.com",
    "gender": "female",
    "phone_number": "(855)-841-4810",
    "birthdate": 1316736697,
    "location": {
      "street": "6428 anafartalar cd",
      "city": "malatya",
      "state": "mardin",
      "postcode": 28227
    },
    "username": "crazypeacock394",
    "password": "paulie",
    "first_name": "buse",
    "last_name": "dağdaş",
    "title": "ms",
    "picture": "women/14.jpg"
  },
  {
    "email": "amelia.mercier@example.com",
    "gender": "female",
    "phone_number": "(168)-747-5950",
    "birthdate": 1132298571,
    "location": {
      "street": "7454 rue duquesne",
      "city": "echandens-denges",
      "state": "vaud",
      "postcode": 3811
    },
    "username": "whitefrog218",
    "password": "forest",
    "first_name": "amelia",
    "last_name": "mercier",
    "title": "madame",
    "picture": "women/91.jpg"
  },
  {
    "email": "maureen.ramos@example.com",
    "gender": "female",
    "phone_number": "0486-809-748",
    "birthdate": 697348911,
    "location": {
      "street": "4236 adams st",
      "city": "coffs harbour",
      "state": "tasmania",
      "postcode": 9392
    },
    "username": "purplepeacock730",
    "password": "blabla",
    "first_name": "maureen",
    "last_name": "ramos",
    "title": "miss",
    "picture": "women/69.jpg"
  },
  {
    "email": "solène.lemaire@example.com",
    "gender": "female",
    "phone_number": "06-41-57-50-80",
    "birthdate": 756942823,
    "location": {
      "street": "8259 rue paul-duvivier",
      "city": "metz",
      "state": "vendée",
      "postcode": 96673
    },
    "username": "heavyladybug601",
    "password": "harold",
    "first_name": "solène",
    "last_name": "lemaire",
    "title": "mrs",
    "picture": "women/76.jpg"
  },
  {
    "email": "ernest.williamson@example.com",
    "gender": "male",
    "phone_number": "081-571-7090",
    "birthdate": 439547391,
    "location": {
      "street": "7184 main street",
      "city": "tramore",
      "state": "maine",
      "postcode": 10605
    },
    "username": "silverleopard819",
    "password": "2112",
    "first_name": "ernest",
    "last_name": "williamson",
    "title": "mr",
    "picture": "algolia/men/tim.png"
  },
  {
    "email": "florian.hahn@example.com",
    "gender": "male",
    "phone_number": "0170-0421455",
    "birthdate": 25757437,
    "location": {
      "street": "6870 birkenstraße",
      "city": "ostprignitz-ruppin",
      "state": "sachsen",
      "postcode": 97964
    },
    "username": "smallsnake648",
    "password": "iron",
    "first_name": "florian",
    "last_name": "hahn",
    "title": "mr",
    "picture": "algolia/men/julien.png"
  },
  {
    "email": "jalisa.köhler@example.com",
    "gender": "female",
    "phone_number": "(462)-622-9092",
    "birthdate": 1052886108,
    "location": {
      "street": "1555 maliebaan",
      "city": "leiden",
      "state": "limburg",
      "postcode": 61896
    },
    "username": "greenelephant861",
    "password": "joker1",
    "first_name": "jalisa",
    "last_name": "köhler",
    "title": "mrs",
    "picture": "women/27.jpg"
  }
]